Unique ID,Category,State,Area,Sub -Category,Name,Point Of Contact,Email 1,Email 2,Phone 1,Phone 2,Address,Source Url,Source
LAB0001AND,Laboratory,Andaman and Nicobar,Port Blair,Government Laboratory,Regional Medical Research Centre,Dr. P. Vijyachari,vijayacharip@yahoo.com,,9932083226,,,https://icmr.nic.in/sites/default/files/upload_documents/Govt_Functional_Lab_13042020.pdf,ICMR
LAB0002AND,Laboratory,Andhra Pradesh,Anantapur,Government Laboratory,Government Medical College,Dr. Swarnalatha,vrdlgmcatp@gmail.com,,9849499761,,,https://icmr.nic.in/sites/default/files/upload_documents/Govt_Functional_Lab_13042020.pdf,ICMR
LAB0003AND,Laboratory,Andhra Pradesh,Guntur,Government Laboratory,Guntur Medical College,Dr. Prasanthi Kohli,vrdlgunturmedicalcollege@gmail.com,,9848173034,,,https://icmr.nic.in/sites/default/files/upload_documents/Govt_Functional_Lab_13042020.pdf,ICMR
LAB0004AND,Laboratory,Andhra Pradesh,Kadapa,Government Laboratory,Rajeev Gandhi Institute Of Medical Sciences,Dr. SasidharMajeti,sasidharmajeti@hotmail.com,microrimskadpa@gmail.com,9247899544,,,https://icmr.nic.in/sites/default/files/upload_documents/Govt_Functional_Lab_13042020.pdf,ICMR
LAB0005AND,Laboratory,Andhra Pradesh,Kakinada,Government Laboratory,Rangaraya Medical College,Dr. D.S Murthy,murtyds@gmail.com,,9440341099,,,https://icmr.nic.in/sites/default/files/upload_documents/Govt_Functional_Lab_13042020.pdf,ICMR
LAB0006AND,Laboratory,Andhra Pradesh,Tirupati,Government Laboratory,Sri Venkateswara Institute Of Medical Sciences,Dr. Usha Kalawat,ukalawat@yahoo.com,,9493547709,,,https://icmr.nic.in/sites/default/files/upload_documents/Govt_Functional_Lab_13042020.pdf,ICMR
LAB0007AND,Laboratory,Andhra Pradesh,Vijaywada,Government Laboratory,Sidhartha Medical College,Dr. R. Lakshmi Kumari,rlakshmikumari@gmail.com,vrdlsmcvja@gmail.com,9290092848,,,https://icmr.nic.in/sites/default/files/upload_documents/Govt_Functional_Lab_13042020.pdf,ICMR
LAB0008AND,Laboratory,Andhra Pradesh,Visakhapatnam,VRDL's,Andhra Medical College,Dr. P.Kamala,drkamalavirology@gmail.com,,9246667885,,,https://icmr.nic.in/sites/default/files/upload_documents/List_of_VRDL_V2.pdf,ICMR
LAB0009ASS,Laboratory,Assam,Barpeta,Government Laboratory,Fakhruddin Medical College,Dr. Elmy Samsun rasul,elmyrasul@yahoo.com,,9864065956,,,https://icmr.nic.in/sites/default/files/upload_documents/Govt_Functional_Lab_13042020.pdf,ICMR
LAB0010ASS,Laboratory,Assam,Dibrugarh,Government Laboratory,Regional Medical Research Centre,Dr.Biswa Borkakoty,biswaborkakoty@gmail.com,icmrrcdi@nic.in,9435131316,3732381494,,https://icmr.nic.in/sites/default/files/upload_documents/Govt_Functional_Lab_13042020.pdf,ICMR
LAB0011ASS,Laboratory,Assam,Guwahati,Government Laboratory,Gauhati Medical College,Dr. Ajanta Sharma,virologygmch@gmail.com,ajantasharma2002@yahoo.com,03612139219,3612139220,,https://icmr.nic.in/sites/default/files/upload_documents/Govt_Functional_Lab_13042020.pdf,ICMR
LAB0012ASS,Laboratory,Assam,Jorhat,Government Laboratory,Jorhat Medical College,Dr. Purnima Barua,"drpbm29@gmail.com
drpurnimabarua@gmail.com",,9435141989,,,https://icmr.nic.in/sites/default/files/upload_documents/Govt_Functional_Lab_13042020.pdf,ICMR
LAB0013ASS,Laboratory,Assam,Silchar,Government Laboratory,Silchar Medical College,Dr.Dipa Baido,vrdl.silchar@gmail.com,,9706031102,3842229110,,https://icmr.nic.in/sites/default/files/upload_documents/Govt_Functional_Lab_13042020.pdf,ICMR
LAB0014ASS,Laboratory,Assam,Tezpur,VRDL's,Tezpur Medical College,Dr.Kalpana Bezborah,"vrdltmch@gmail.com
kalpanabezborah1@gmail.com",,9954264923,,,https://icmr.nic.in/sites/default/files/upload_documents/List_of_VRDL_V2.pdf,ICMR
LAB0015BIH,Laboratory,Bihar,Darbhanga,Government Laboratory,Darbhanga Medical College,Dr. R. S. Prasad,"drrspd.57@gmail.com
vrdldmc@gmail.com",,9430850201,7762860386,,https://icmr.nic.in/sites/default/files/upload_documents/Govt_Functional_Lab_13042020.pdf,ICMR
LAB0016BIH,Laboratory,Bihar,Muzaffarpur,VRDL's,S K Medical College,Dr. Ranjeet Kumar,hodmicrobiologyskmcmui@gmail.com,,9835279484,,,https://icmr.nic.in/sites/default/files/upload_documents/List_of_VRDL_V2.pdf,ICMR
LAB0017BIH,Laboratory,Bihar,Patna,Government Laboratory,Patna Medical College,Dr. Satyendra Narayan Singh,vrdlpmc@gmail.com,,9430829788,,,https://icmr.nic.in/sites/default/files/upload_documents/Govt_Functional_Lab_13042020.pdf,ICMR
LAB0018BIH,Laboratory,Bihar,Patna,Government Laboratory,Rajendra Memorial Research Institute Of Medical Sciences,Dr. Pradeep Das,drpradeep.das@gmail.com,,9431012380,,,https://icmr.nic.in/sites/default/files/upload_documents/Govt_Functional_Lab_13042020.pdf,ICMR
LAB0019CHA,Laboratory,Chandigarh,Chandigarh,Government Laboratory,Government Medical College,Dr.Jagdish Chander,jchander@nic.in,jchander@hotmail.com,9646121570,,,https://icmr.nic.in/sites/default/files/upload_documents/Govt_Functional_Lab_13042020.pdf,ICMR
LAB0020CHA,Laboratory,Chandigarh,Chandigarh,Government Laboratory,Post Graduate Institute Of Medical Education & Research,Dr. R. K. Ratho,rathopgi@yahoo.com,,8360680627,,,https://icmr.nic.in/sites/default/files/upload_documents/Govt_Functional_Lab_13042020.pdf,ICMR
LAB0021CHH,Laboratory,Chhattisgarh,Jagdalpur,Government Laboratory,Late Baliram Kashyap M Government Medical College,Dr. Devajyothi Majumdar,dmsmims@gmail.com,,7869698550,,,https://icmr.nic.in/sites/default/files/upload_documents/Govt_Functional_Lab_13042020.pdf,ICMR
LAB0022CHH,Laboratory,Chhattisgarh,Raipur,Government Laboratory,All India Institute Of Medical Sciences,Dr. Anudita Bhargava,nuditabhargava@gmail.com,,8518881903,,,https://icmr.nic.in/sites/default/files/upload_documents/Govt_Functional_Lab_13042020.pdf,ICMR
LAB0023DEL,Laboratory,Delhi,Delhi,Government Laboratory,All India Institute Medical Sciences,Dr. Lalit Dar,lalitdaraiims@gmail.com,,9818137078,,,https://icmr.nic.in/sites/default/files/upload_documents/Govt_Functional_Lab_13042020.pdf,ICMR
LAB0024DEL,Laboratory,Delhi,Delhi,Government Laboratory,Army Hospital Research & Referral,,,,,,,https://icmr.nic.in/sites/default/files/upload_documents/Govt_Functional_Lab_13042020.pdf,ICMR
LAB0025DEL,Laboratory,Delhi,Delhi,Private Laboratory,City X-Ray & Scan Clinic Pvt Ltd,,,,,,,https://icmr.nic.in/sites/default/files/upload_documents/Private_Labs_13042020_V1.pdf,ICMR
LAB0026DEL,Laboratory,Delhi,Delhi,Private Laboratory,Dr. Dangs Lab,,,,,,,https://icmr.nic.in/sites/default/files/upload_documents/Private_Labs_13042020_V1.pdf,ICMR
LAB0027DEL,Laboratory,Delhi,Delhi,Government Laboratory,Institute Of Liver & Biliary Sciences,,,,,,,https://icmr.nic.in/sites/default/files/upload_documents/Govt_Functional_Lab_13042020.pdf,ICMR
LAB0028DEL,Laboratory,Delhi,Delhi,Private Laboratory,"Laboratory Services, Indraprastha Apollo Hospitals",,,,,,,https://icmr.nic.in/sites/default/files/upload_documents/Private_Labs_13042020_V1.pdf,ICMR
LAB0029DEL,Laboratory,Delhi,Delhi,Government Laboratory,Lady Hardinge Medical College,Dr. Manoj Jais,serologyhailhmc@gmail.com,drmanojjais@yahoo.co.in,9868961269,,,https://icmr.nic.in/sites/default/files/upload_documents/Govt_Functional_Lab_13042020.pdf,ICMR
LAB0030GUJ,Laboratory,Gujarat,Ahmedabad,Government Laboratory,Bj Medical College,Dr. M.M. Vegad,mahendravegad@rediffmail.com,,9825067308,7922680074,,https://icmr.nic.in/sites/default/files/upload_documents/Govt_Functional_Lab_13042020.pdf,ICMR
LAB0031GUJ,Laboratory,Gujarat,Ahmedabad,Private Laboratory,Pangenomics International Pvt Ltd,,,,7940372720,,,https://icmr.nic.in/sites/default/files/upload_documents/Private_Labs_13042020_V1.pdf,ICMR
LAB0032GUJ,Laboratory,Gujarat,Ahmedabad,Private Laboratory,Supratech Micropath Laboratory & Research Institute Pvt Ltd,,,,7940408181,,,https://icmr.nic.in/sites/default/files/upload_documents/Private_Labs_13042020_V1.pdf,ICMR
LAB0033GUJ,Laboratory,Gujarat,Ahmedabad,Private Laboratory,Unipath Specialty Laboratory Limited,,,,7949006800,,,https://icmr.nic.in/sites/default/files/upload_documents/Private_Labs_13042020_V1.pdf,ICMR
LAB0034GUJ,Laboratory,Gujarat,Bhavnagar,Government Laboratory,Government Medical College,Dr. Kairavi J Desai,drkairavi@yahoo.in,,9825469106,2782510236,,https://icmr.nic.in/sites/default/files/upload_documents/Govt_Functional_Lab_13042020.pdf,ICMR
LAB0035GUJ,Laboratory,Gujarat,Jamnagar,Government Laboratory,Mp Shah Government Medical College,Dr Summaiya Mullan,mullasummaiya@gmail.com,,9825319755,2882553515,,https://icmr.nic.in/sites/default/files/upload_documents/Govt_Functional_Lab_13042020.pdf,ICMR
LAB0036GUJ,Laboratory,Gujarat,Rajkot,Government Laboratory,Government Medical College,Dr. Prakash Modi,mcrmicro@gmail.com,,8780262489,,,https://icmr.nic.in/sites/default/files/upload_documents/Govt_Functional_Lab_13042020.pdf,ICMR
LAB0037GUJ,Laboratory,Gujarat,Surat,Government Laboratory,Government Medical College,Dr. Neeta Khandelwal,neetashokk@gmail.com,,9925276950,2612244175,,https://icmr.nic.in/sites/default/files/upload_documents/Govt_Functional_Lab_13042020.pdf,ICMR
LAB0038GUJ,Laboratory,Gujarat,Vadodara,Government Laboratory,Government Medical College,,,,,,,https://icmr.nic.in/sites/default/files/upload_documents/Govt_Functional_Lab_13042020.pdf,ICMR
LAB0039GUJ,Laboratory,Gujarat,Surat,Private Laboratory,Sn Genelab Pvt Ltd,,,,9586177755,,,https://icmr.nic.in/sites/default/files/upload_documents/Private_Labs_13042020_V1.pdf,ICMR
LAB0040HAR,Laboratory,Haryana,Rohtak,Government Laboratory,Pt. B.D. Sharma Post Graduate Inst. Of Med. Sciences,Dr. Paramjeet S. Gill,pjsgill@rediffmail.com,,9896296249,,,https://icmr.nic.in/sites/default/files/upload_documents/Govt_Functional_Lab_13042020.pdf,ICMR
LAB0041HAR,Laboratory,Haryana,Sonipat,Government Laboratory,Bps Government Medical College,Dr. Sarita Yadav,yadav78sarita@yahoo.com,,9416978208,,,https://icmr.nic.in/sites/default/files/upload_documents/Govt_Functional_Lab_13042020.pdf,ICMR
LAB0042HIM,Laboratory,Himachal Pradesh,Shimla,Government Laboratory,Indira Gandhi Medical College,Dr. Santwana Verma,santwana1812@gmail.com,,9418451123,,,https://icmr.nic.in/sites/default/files/upload_documents/Govt_Functional_Lab_13042020.pdf,ICMR
LAB0043HIM,Laboratory,Himachal Pradesh,Tanda,Government Laboratory,Dr. Rajendra Prasad Government Medical College,Dr.S C Jaryal,drscjaryal@gmail.com,,9418115596,,,https://icmr.nic.in/sites/default/files/upload_documents/Govt_Functional_Lab_13042020.pdf,ICMR
LAB0044JAM,Laboratory,Jammu and Kashmir,Jammu,Government Laboratory,Government Medical College,Dr. Shashi Sudan Sharma,drshashisharma.micro@gmail.com,,9419197344,,,https://icmr.nic.in/sites/default/files/upload_documents/Govt_Functional_Lab_13042020.pdf,ICMR
LAB0045JAM,Laboratory,Jammu and Kashmir,Srinagar,Government Laboratory,Government Medical College,Dr. Anjum Farhana,anjumfarhana1@yahoo.in,,9419016207,,,https://icmr.nic.in/sites/default/files/upload_documents/Govt_Functional_Lab_13042020.pdf,ICMR
LAB0046JAM,Laboratory,Jammu and Kashmir,Srinagar,Government Laboratory,Sher-I-Kashmir Institute Of Medical Sciences,Dr. Bashir Ahmad Fomda,bashirfomda@gmail.com,,9419001701,,,https://icmr.nic.in/sites/default/files/upload_documents/Govt_Functional_Lab_13042020.pdf,ICMR
LAB0047JAM,Laboratory,Jammu and Kashmir,Udhampur,Government Laboratory,Command Hospital (Nc) Udhampur,,,,,,,https://icmr.nic.in/sites/default/files/upload_documents/Govt_Functional_Lab_13042020.pdf,ICMR
LAB0048JHA,Laboratory,Jharkhand,Jamshedpur,Government Laboratory,Mgm Medical College,Piyali Gupta,mgmvrdl@gmail.com,,9470153537,,,https://icmr.nic.in/sites/default/files/upload_documents/Govt_Functional_Lab_13042020.pdf,ICMR
LAB0049JHA,Laboratory,Jharkhand,Ranchi,Government Laboratory,Rajendra Institute Of Medical Sciences,Dr. Manoj Kumar,icmrvirologyrims@gmail.com,,8986880889,,,https://icmr.nic.in/sites/default/files/upload_documents/Govt_Functional_Lab_13042020.pdf,ICMR
LAB0050KAR,Laboratory,Karnataka,Bengaluru,Government Laboratory,National Institute Of Virology,,,,,,,https://icmr.nic.in/sites/default/files/upload_documents/Govt_Functional_Lab_13042020.pdf,ICMR
LAB0051KAR,Laboratory,Karnataka,Bellary,Government Laboratory,Vijayanagar Institute Of Medical Science,Dr. Krishna S,drkrishnas68@gmail.com,,9448415781,,,https://icmr.nic.in/sites/default/files/upload_documents/Govt_Functional_Lab_13042020.pdf,ICMR
LAB0052KAR,Laboratory,Karnataka,Bengaluru,Government Laboratory,Bangalore Medical College & Research Institute,Dr. Shantala G,drshantalagb@gmail.com,,9448078081,,,https://icmr.nic.in/sites/default/files/upload_documents/Govt_Functional_Lab_13042020.pdf,ICMR
LAB0053KAR,Laboratory,Karnataka,Bengaluru,Government Laboratory,Command Hospital (Air Force) Bengaluru,,,,,,,https://icmr.nic.in/sites/default/files/upload_documents/Govt_Functional_Lab_13042020.pdf,ICMR
LAB0054KAR,Laboratory,Karnataka,Gulbarga,Government Laboratory,Gulbarga Institute Of Medical Sciences,Dr. Nawaz Umar,microbiologygims123@gmail.com,drnawazumar@gmail.com,,,,https://icmr.nic.in/sites/default/files/upload_documents/Govt_Functional_Lab_13042020.pdf,ICMR
LAB0055KAR,Laboratory,Karnataka,Hassan,Government Laboratory,Hassan Inst. Of Med. Sciences,Dr. Venkatesha D.T,Venkatdt2002@yahoo.co.in,,9448262118,,,https://icmr.nic.in/sites/default/files/upload_documents/Govt_Functional_Lab_13042020.pdf,ICMR
LAB0056KAR,Laboratory,Karnataka,Bengaluru,Private Laboratory,Neuberg Anand Reference Laboratory,,,,,,,https://icmr.nic.in/sites/default/files/upload_documents/Private_Labs_13042020_V1.pdf,ICMR
LAB0057KAR,Laboratory,Karnataka,Shivamogga,Government Laboratory,Shivamoga Institute Of Medical Sciences,Dr. Siddesh K.C,drsiddeshkc@gmail.com,simsvrdlshivamogga@gmail.com,9448324483,,,https://icmr.nic.in/sites/default/files/upload_documents/Govt_Functional_Lab_13042020.pdf,ICMR
LAB0058KER,Laboratory,Kerala,Alappuzha,Government Laboratory,National Institute Of Virology,A.P. Sugunan,apsugunan@gmail.com,,9400235828,,,https://icmr.nic.in/sites/default/files/upload_documents/Govt_Functional_Lab_13042020.pdf,ICMR
LAB0059KER,Laboratory,Kerala,Kozhikode,Government Laboratory,Government Medical College,Dr. Beena Philomina J,drbeenapj@gmail.com,,9446161949,,,https://icmr.nic.in/sites/default/files/upload_documents/Govt_Functional_Lab_13042020.pdf,ICMR
LAB0060KER,Laboratory,Kerala,Thiruvananthapuram,Government Laboratory,Government Medical College,Dr. Sarada Devi,sdevikl23@gmail.com,,9495244081,,,https://icmr.nic.in/sites/default/files/upload_documents/Govt_Functional_Lab_13042020.pdf,ICMR
LAB0061KER,Laboratory,Kerala,Thiruvananthapuram,Government Laboratory,Rajiv Gandhi Center For Biotechnology,,,,,,,https://icmr.nic.in/sites/default/files/upload_documents/Govt_Functional_Lab_13042020.pdf,ICMR
LAB0062KER,Laboratory,Kerala,Thiruvananthapuram,Government Laboratory,Sree Chitra Tirunal Institute Of Medical Sciences,,,,,,,https://icmr.nic.in/sites/default/files/upload_documents/Govt_Functional_Lab_13042020.pdf,ICMR
LAB0063KER,Laboratory,Kerala,Thrissur,Government Laboratory,Government Medical College,Dr. Beena Paul,vrdlthrissur@gmail.com,,7907261883,,,https://icmr.nic.in/sites/default/files/upload_documents/Govt_Functional_Lab_13042020.pdf,ICMR
LAB0064MAD,Laboratory,Madhya Pradesh,Bhopal,Government Laboratory,All India Institute Of Medical Sciences,,,,,,,https://icmr.nic.in/sites/default/files/upload_documents/Govt_Functional_Lab_13042020.pdf,ICMR
LAB0065MAD,Laboratory,Madhya Pradesh,Bhopal,Government Laboratory,Bhopal Memorial Hospital & Research Centre,,,,,,,https://icmr.nic.in/sites/default/files/upload_documents/Govt_Functional_Lab_13042020.pdf,ICMR
LAB0066MAD,Laboratory,Madhya Pradesh,Sagar,VRDL's,Bundelkhand Medical College,Dr. Shoeb Akhtar Khan,shoebakin@yahoo.co.in,,9827047392,,,https://icmr.nic.in/sites/default/files/upload_documents/List_of_VRDL_V2.pdf,ICMR
LAB0067MAD,Laboratory,Madhya Pradesh,Gwalior,Government Laboratory,Gajra Raja Medical College,,,,,,,https://icmr.nic.in/sites/default/files/upload_documents/Govt_Functional_Lab_13042020.pdf,ICMR
LAB0068MAH,Laboratory,Maharashtra,Akola,VRDL's,Government Medical College And Hospital & Superspeciality Hospital,Dr.Nitin A,nitinaambhore@gmail.com,naambhore@rediffmail.com,9921414350,,,https://icmr.nic.in/sites/default/files/upload_documents/List_of_VRDL_V2.pdf,ICMR
LAB0069MAH,Laboratory,Maharashtra,Aurangabad,Government Laboratory,Government Medical College,Dr. Jyoti Iravane,jairavane@gmail.com,,9823233245,,,https://icmr.nic.in/sites/default/files/upload_documents/Govt_Functional_Lab_13042020.pdf,ICMR
LAB0070MAH,Laboratory,Maharashtra,Dhule,Government Laboratory,Shri Bhausaheb Hire Government Medical College,Dr. Supriya Malvi,supriya.malvi@gmail.com,,8605807795,,,https://icmr.nic.in/sites/default/files/upload_documents/Govt_Functional_Lab_13042020.pdf,ICMR
LAB0071MAH,Laboratory,Maharashtra,Mumbai,Government Laboratory,Kasturba Hospital For Infectious Diseases,Dr. Jayanthi Shastri,jsshastri@gmail.com,,9820549156,,,https://icmr.nic.in/sites/default/files/upload_documents/Govt_Functional_Lab_13042020.pdf,ICMR
LAB0072MAH,Laboratory,Maharashtra,Mumbai,Private Laboratory,Metropolis Healthcare Ltd Mumbai,,,,8422801801,,,https://icmr.nic.in/sites/default/files/upload_documents/Private_Labs_13042020_V1.pdf,ICMR
LAB0073MAH,Laboratory,Maharashtra,Mumbai,Government Laboratory,National Institute Of Virology Field Unit,,,,,,,https://icmr.nic.in/sites/default/files/upload_documents/Govt_Functional_Lab_13042020.pdf,ICMR
LAB0074MAH,Laboratory,Maharashtra,Mumbai,Government Laboratory,Seth Gs Medical College & Kem Hospital,Dr. Nayana Ingole,nayanaingole@gmail.com,gitanataraj@gmail.com,9821471788,,,https://icmr.nic.in/sites/default/files/upload_documents/Govt_Functional_Lab_13042020.pdf,ICMR
LAB0075MAH,Laboratory,Maharashtra,Mumbai,Private Laboratory,Sir H.N. Reliance Foundation Hospital And Research Centre,,,,9820043966,,,https://icmr.nic.in/sites/default/files/upload_documents/Private_Labs_13042020_V1.pdf,ICMR
LAB0076MAH,Laboratory,Maharashtra,Mumbai,Private Laboratory,Suburban Diagnostics Mumbai,,,,2261700019,,,https://icmr.nic.in/sites/default/files/upload_documents/Private_Labs_13042020_V1.pdf,ICMR
LAB0077MAH,Laboratory,Maharashtra,Mumbai,Private Laboratory,Thyrocare Mumbai,,,,9702466333,,,https://icmr.nic.in/sites/default/files/upload_documents/Private_Labs_13042020_V1.pdf,ICMR
LAB0078MAH,Laboratory,Maharashtra,Nagpur,VRDL's,Government Medical College,Dr. Sandeep. V. Kokate,drsandeepkokate@gmail.com,,9833216792,,,https://icmr.nic.in/sites/default/files/upload_documents/List_of_VRDL_V2.pdf,ICMR
LAB0079MAH,Laboratory,Maharashtra,Nagpur,Government Laboratory,Indira Gandhi Government Medical College,Dr. Sharmila Raut,sharmilakuber@gmail.com,vrdliggmcnagpur@gmail.com,7721910747,,,https://icmr.nic.in/sites/default/files/upload_documents/Govt_Functional_Lab_13042020.pdf,ICMR
LAB0080MAH,Laboratory,Maharashtra,Pune,Government Laboratory,Armed Forces Medical College,,,,,,,https://icmr.nic.in/sites/default/files/upload_documents/Govt_Functional_Lab_13042020.pdf,ICMR
LAB0081MAH,Laboratory,Maharashtra,Pune,Government Laboratory,Bj Medical College,,,,,,,https://icmr.nic.in/sites/default/files/upload_documents/Govt_Functional_Lab_13042020.pdf,ICMR
LAB0082MAH,Laboratory,Maharashtra,Pune,Government Laboratory,National Institute Of Virology,,,,,,,https://icmr.nic.in/sites/default/files/upload_documents/Govt_Functional_Lab_13042020.pdf,ICMR
LAB0083MAH,Laboratory,Maharashtra,Solapur,Government Laboratory,V. M. Government Meical College,Dr. Nasira Sheik,vmgmcmicro@gmail.com,,9422653930,,,https://icmr.nic.in/sites/default/files/upload_documents/Govt_Functional_Lab_13042020.pdf,ICMR
LAB0084MAN,Laboratory,Manipur,Imphal,Government Laboratory,Jnims,Dr. R.K.Manoj Kumar Singh,rkmksingh@gmail.com,,8974025306,,,https://icmr.nic.in/sites/default/files/upload_documents/Govt_Functional_Lab_13042020.pdf,ICMR
LAB0085MAN,Laboratory,Manipur,Imphal,Government Laboratory,Regional Institute Of Medical Sciences,Dr. Sulochana Devi,sulo_khu@rediffmail.com,,9436037996,,,https://icmr.nic.in/sites/default/files/upload_documents/Govt_Functional_Lab_13042020.pdf,ICMR
LAB0086MEG,Laboratory,Meghalaya,Shillong,Government Laboratory,Neigrihms,Dr. A.C. Phukan,dranilphukan@yahoo.co.in,,9436336370,,,https://icmr.nic.in/sites/default/files/upload_documents/Govt_Functional_Lab_13042020.pdf,ICMR
LAB0087ODI,Laboratory,Odisha,Bhubaneshwar,Government Laboratory,Rmrc,Dr. Jyoti Turuk,drjyotirmayuturuk@gmail.com,vrdlrmrcbbsr@gmail.com,7653915589,,,https://icmr.nic.in/sites/default/files/upload_documents/Govt_Functional_Lab_13042020.pdf,ICMR
LAB0088ODI,Laboratory,Odisha,Bhubaneshwar,Government Laboratory,All India Institute Of Medical Sciences,,,,,,,https://icmr.nic.in/sites/default/files/upload_documents/Govt_Functional_Lab_13042020.pdf,ICMR
LAB0089ODI,Laboratory,Odisha,Cuttack,Government Laboratory,Scb Medical College,Dr. Nirupauma Chayani,nirupama.chayani@gmail.com,,9437310666,,,https://icmr.nic.in/sites/default/files/upload_documents/Govt_Functional_Lab_13042020.pdf,ICMR
LAB0090PUD,Laboratory,Puducherry,Puducherry,VRDL's,Indira Gandhi Medical College & Research Institute,Dr. S. Srinivasan,drsriniv@gmail.com,,9444149424,9787728177,,https://icmr.nic.in/sites/default/files/upload_documents/List_of_VRDL_V2.pdf,ICMR
LAB0091PUD,Laboratory,Puducherry,Puducherry,Government Laboratory,Jawaharlal Institute Of Postgraduate Medical Education & Research,Dr. Rahul Dhodapkar,rahuldhodapkar@gmail.com,,9791933708,,,https://icmr.nic.in/sites/default/files/upload_documents/Govt_Functional_Lab_13042020.pdf,ICMR
LAB0092PUN,Laboratory,Punjab,Amritsar,Government Laboratory,Government Medical College,Dr. Shailpreet Sidhu/Dr. Kanwardeep Dhingra,shail78@hotmail.com,kdmicrojmcasr@gmail.com,9814309793,9876148560,,https://icmr.nic.in/sites/default/files/upload_documents/Govt_Functional_Lab_13042020.pdf,ICMR
LAB0093PUN,Laboratory,Punjab,Patiala,Government Laboratory,Government Medical College,Dr. Rupinder Bakshi,rupindergill1@yahoo.co.in,,9815320300,,,https://icmr.nic.in/sites/default/files/upload_documents/Govt_Functional_Lab_13042020.pdf,ICMR
LAB0094RAJ,Laboratory,Rajasthan,Ajmer,Government Laboratory,Jln Medical College,,,,,,,https://icmr.nic.in/sites/default/files/upload_documents/Govt_Functional_Lab_13042020.pdf,ICMR
LAB0095RAJ,Laboratory,Rajasthan,Bikaner,Government Laboratory,Sp Medical College,Dr. Anjali Gupta,bkgbkn@rediffmail.com,,9414452393,,,https://icmr.nic.in/sites/default/files/upload_documents/Govt_Functional_Lab_13042020.pdf,ICMR
LAB0096RAJ,Laboratory,Rajasthan,Jaipur,Government Laboratory,Sawai Man Singh Medical College,Dr. Bharti Malhotra,drbhartimalhotra@gmail.com,,9414042040,,,https://icmr.nic.in/sites/default/files/upload_documents/Govt_Functional_Lab_13042020.pdf,ICMR
LAB0097RAJ,Laboratory,Rajasthan,Jhalawar,Government Laboratory,Jhalawar Medical College,Dr. Yogendra Kumar Tiwari,yogendratiwari2012@gmail.com,,9414550771,,,https://icmr.nic.in/sites/default/files/upload_documents/Govt_Functional_Lab_13042020.pdf,ICMR
LAB0098RAJ,Laboratory,Rajasthan,Jodhpur,Government Laboratory,All India Institute Of Medical Sciences,Dr. Vijaya Lakshmi Nag,vijayalakshmi005@gmail.com,,8003996874,,,https://icmr.nic.in/sites/default/files/upload_documents/Govt_Functional_Lab_13042020.pdf,ICMR
LAB0099RAJ,Laboratory,Rajasthan,Jodhpur,Government Laboratory,Dr. S.N. Medical College,Dr. P.K. Khatri,drpkkhatri@yahoo.co.in,,9460481236,,,https://icmr.nic.in/sites/default/files/upload_documents/Govt_Functional_Lab_13042020.pdf,ICMR
LAB0100RAJ,Laboratory,Rajasthan,Udaipur,Government Laboratory,Rnt Medical College,Dr. Anshu Sharma,anshu69sharma@gmail.com,,9414238909,,,https://icmr.nic.in/sites/default/files/upload_documents/Govt_Functional_Lab_13042020.pdf,ICMR
LAB0101TAM,Laboratory,Tamil Nadu,Chennai,Government Laboratory,King Institute Of Preventive Medicine & Research,Dr. K. Kaveri,kaveri_raj1967@yahoo.com,,,,,https://icmr.nic.in/sites/default/files/upload_documents/Govt_Functional_Lab_13042020.pdf,ICMR
LAB0102TAM,Laboratory,Tamil Nadu,Chennai,Government Laboratory,Madras Medical College,Dr. T. Sabeetha,sabitha@iitm.ac.in,tndmepd@gmail.com,9442669001,,,https://icmr.nic.in/sites/default/files/upload_documents/Govt_Functional_Lab_13042020.pdf,ICMR
LAB0103TAM,Laboratory,Tamil Nadu,Coimbatore,Government Laboratory,Coimbatore Medical College,Dr. Mythily Nagasundaram,mythilynmicro@gmail.com,,9488990741,,,https://icmr.nic.in/sites/default/files/upload_documents/Govt_Functional_Lab_13042020.pdf,ICMR
LAB0104TAM,Laboratory,Tamil Nadu,Madurai,Government Laboratory,Madurai Medical College,Dr. C. Sugumari,doctorsugumari@yahoo.com,,9842953380,,,https://icmr.nic.in/sites/default/files/upload_documents/Govt_Functional_Lab_13042020.pdf,ICMR
LAB0105TAM,Laboratory,Tamil Nadu,Salem,Government Laboratory,Kumar Mangalam Government Medical College,Dr. S. Rajesh,sengodan.rajesh1974@gmail.com,microsalem30@gmail.com,9443321151,,,https://icmr.nic.in/sites/default/files/upload_documents/Govt_Functional_Lab_13042020.pdf,ICMR
LAB0106TAM,Laboratory,Tamil Nadu,Theni,Government Laboratory,Government Medical College,Dr.S. Lalitha,gtmcmicrobiology@gmail.com,drlallithiagu@gmail.com,9787594487,,,https://icmr.nic.in/sites/default/files/upload_documents/Govt_Functional_Lab_13042020.pdf,ICMR
LAB0107TAM,Laboratory,Tamil Nadu,Thiruvarur,Government Laboratory,Government Medical College,Dr. V.Vasuki,micro_vasuki@yahoo.co.in,,9442351350,,,https://icmr.nic.in/sites/default/files/upload_documents/Govt_Functional_Lab_13042020.pdf,ICMR
LAB0108TAM,Laboratory,Tamil Nadu,Tirunelveli,Government Laboratory,Tirunelveli Medical College,Dr. V P Amudha,vpamudha@yahoo.co.in,,9443429641,,,https://icmr.nic.in/sites/default/files/upload_documents/Govt_Functional_Lab_13042020.pdf,ICMR
LAB0109TAM,Laboratory,Tamil Nadu,Villupuram,Government Laboratory,Government Medical College,Dr. P Shankar,pshankx@gmail.com,,9940856010,,,https://icmr.nic.in/sites/default/files/upload_documents/Govt_Functional_Lab_13042020.pdf,ICMR
LAB0110TEL,Laboratory,Telangana,Hyderabad,Government Laboratory,Institute Of Preventive Medicine,,,,04027682218,,,https://icmr.nic.in/sites/default/files/upload_documents/Govt_Functional_Lab_13042020.pdf,ICMR
LAB0111TEL,Laboratory,Telangana,Hyderabad,Government Laboratory,Nizam’S Institute Of Medical Sciences,,,,9848097635,,,https://icmr.nic.in/sites/default/files/upload_documents/Govt_Functional_Lab_13042020.pdf,ICMR
LAB0112TEL,Laboratory,Telangana,Hyderabad,Government Laboratory,Sir Ronald Ross Of Tropical & Communicable Diseases,,,,04023489000,,,https://icmr.nic.in/sites/default/files/upload_documents/Govt_Functional_Lab_13042020.pdf,ICMR
LAB0113TEL,Laboratory,Telangana,Hyderabad,Government Laboratory,Osmania Medical College,Dr. G. Jyothi Lakshmi,drgjyothilakshmi@yahoo.com,,9848097635,,,https://icmr.nic.in/sites/default/files/upload_documents/Govt_Functional_Lab_13042020.pdf,ICMR
LAB0114TEL,Laboratory,Telangana,Hyderabad,Private Laboratory,American Institute Of Pathology And Lab Sciences,,,,8886091717,,,https://icmr.nic.in/sites/default/files/upload_documents/Private_Labs_13042020_V1.pdf,ICMR
LAB0115TEL,Laboratory,Telangana,Hyderabad,Private Laboratory,Apollo Hospitals,,,,18002082000,,,https://icmr.nic.in/sites/default/files/upload_documents/Private_Labs_13042020_V1.pdf,ICMR
LAB0116TEL,Laboratory,Telangana,Hyderabad,Private Laboratory,Dr. Remedies Labs,,,,04023350611,,,https://icmr.nic.in/sites/default/files/upload_documents/Private_Labs_13042020_V1.pdf,ICMR
LAB0117TEL,Laboratory,Telangana,Hyderabad,Private Laboratory,Pathcare Labs,,,,7702292929,,,https://icmr.nic.in/sites/default/files/upload_documents/Private_Labs_13042020_V1.pdf,ICMR
LAB0118TEL,Laboratory,Telangana,Hyderabad,Private Laboratory,Vijaya Diagnostic Centre,,,,04049047777,,,https://icmr.nic.in/sites/default/files/upload_documents/Private_Labs_13042020_V1.pdf,ICMR
LAB0119TEL,Laboratory,Telangana,Hyderabad,Private Laboratory,Vimta Labs,,,,04023607777,,,https://icmr.nic.in/sites/default/files/upload_documents/Private_Labs_13042020_V1.pdf,ICMR
LAB0120TEL,Laboratory,Telangana,Secunderabad,Government Laboratory,Gandhi Medical College,Dr. K. Nagamani,nagamaniy2k03@rediffmail.com,,9966533327,4027505566,,https://icmr.nic.in/sites/default/files/upload_documents/Govt_Functional_Lab_13042020.pdf,ICMR
LAB0121TEL,Laboratory,Telangana,Secunderabad,Private Laboratory,Apollo Health And Lifestyle,,,,04045674567,,,https://icmr.nic.in/sites/default/files/upload_documents/Private_Labs_13042020_V1.pdf,ICMR
LAB0122TEL,Laboratory,Telangana,Secunderabad,Private Laboratory,"Department Of Lab Medicine, Yashoda Hospital",,,,04027264141,,,https://icmr.nic.in/sites/default/files/upload_documents/Private_Labs_13042020_V1.pdf,ICMR
LAB0123TEL,Laboratory,Telangana,Secunderabad,Private Laboratory,Medcis Pathlabs India,,,,04023420422,,,https://icmr.nic.in/sites/default/files/upload_documents/Private_Labs_13042020_V1.pdf,ICMR
LAB0124TEL,Laboratory,Telangana,Warangal,VRDL's,Kakatiya Medical College,Dr. Jyothi Kundru,jyothikunduru08@gmail.com,,7337070094,,,https://icmr.nic.in/sites/default/files/upload_documents/List_of_VRDL_V2.pdf,ICMR
LAB0125UTT,Laboratory,Uttar Pradesh,Aligarh,Government Laboratory,J N Medical College,Dr. Haris Mazoor Mb,vrdlaligarh2016@gmail.com,,9897752620,,,https://icmr.nic.in/sites/default/files/upload_documents/Govt_Functional_Lab_13042020.pdf,ICMR
LAB0126UTT,Laboratory,Uttar Pradesh,Lucknow,Government Laboratory,Command Hospital,,,,,,,https://icmr.nic.in/sites/default/files/upload_documents/Govt_Functional_Lab_13042020.pdf,ICMR
LAB0127UTT,Laboratory,Uttar Pradesh,Lucknow,Government Laboratory,King George Medical University,Dr. Amita Jain,amita602002@yahoo.com,,9415023928,,,https://icmr.nic.in/sites/default/files/upload_documents/Govt_Functional_Lab_13042020.pdf,ICMR
LAB0128UTT,Laboratory,Uttar Pradesh,Saifai,Government Laboratory,Uttar Pradesh University Of Medical Sciences,Dr. Rajesh Kumar Verma,rshverma@gmail.com,,8477973359,,,https://icmr.nic.in/sites/default/files/upload_documents/Govt_Functional_Lab_13042020.pdf,ICMR
LAB0129UTT,Laboratory,Uttar Pradesh,Varanasi,Government Laboratory,"Institute Of Medical Sciences, Banaras Hindu University",Dr. Gopal Nath,gopalnath@gmail.com,,9335058394,,,https://icmr.nic.in/sites/default/files/upload_documents/Govt_Functional_Lab_13042020.pdf,ICMR
LAB0130UTT,Laboratory,Uttarakhand,Dehradun,VRDL's,Doon Government Medical College,Dr. Shekhar Pal,drshekharpal@gmail.com,,9997679392,,,https://icmr.nic.in/sites/default/files/upload_documents/List_of_VRDL_V2.pdf,ICMR
LAB0131UTT,Laboratory,Uttarakhand,Haldwani,Government Laboratory,Government Medical College,Dr. Vinita Rawat,drvinitarawat@gmail.com,,8954630885,,,https://icmr.nic.in/sites/default/files/upload_documents/Govt_Functional_Lab_13042020.pdf,ICMR
LAB0132UTT,Laboratory,Uttarakhand,Rishikesh,Government Laboratory,"Aiims, Rishikesh",Dr. Pratima Gupta,pratima.micro@aiimsrishikesh.edu.in,,8475000272,,,https://icmr.nic.in/sites/default/files/upload_documents/Govt_Functional_Lab_13042020.pdf,ICMR
LAB0133WES,Laboratory,West Bengal,Berhampur,VRDL's,Murshidabad Medical College & Hospital,Dr. Manas Sarkar,manashsarkar98@yahoo.in,,9433396315,,,https://icmr.nic.in/sites/default/files/upload_documents/List_of_VRDL_V2.pdf,ICMR
LAB0134WES,Laboratory,West Bengal,Darjeeling,Government Laboratory,North Bengal Medical College,Dr. Arunabhao Sarkar,micro.nbmc@gmail.com,,9932214173,,,https://icmr.nic.in/sites/default/files/upload_documents/Govt_Functional_Lab_13042020.pdf,ICMR
LAB0135WES,Laboratory,West Bengal,Kolkata,Government Laboratory,Institute Of Post Graduate Medical Education & Research,Dr. Raja Ray,rjrm1175@gmail.com,,,,,https://icmr.nic.in/sites/default/files/upload_documents/Govt_Functional_Lab_13042020.pdf,ICMR
LAB0136WES,Laboratory,West Bengal,Kolkata,Government Laboratory,National Institute Of Cholera & Enteric Diseases,Dr. Shanta Dutta,shanta1232001@yahoo.co.in,"shanta.niced@icmr.gov.in, vrdln.niced@gmail.com",9830152971,,,https://icmr.nic.in/sites/default/files/upload_documents/Govt_Functional_Lab_13042020.pdf,ICMR
LAB0137WES,Laboratory,West Bengal,Kolkata,VRDL's,Rg Kar Medical College,Prof. Mitali Chatterjee,chatterjeemitali5@gmail.com,vrdlrgkar@gmail.com,9831086552,,,https://icmr.nic.in/sites/default/files/upload_documents/List_of_VRDL_V2.pdf,ICMR
LAB0138WES,Laboratory,West Bengal,Malda,VRDL's,Malda Medical College,Dr.Puranjay Saha,drpuranjoysaha@gmail.com,,9434167080,,,https://icmr.nic.in/sites/default/files/upload_documents/List_of_VRDL_V2.pdf,ICMR
LAB0139WES,Laboratory,West Bengal,Midnapore,Government Laboratory,Midnapore Medical College,Dr. ParthaSarathi Satpathi,vrdlmmch@gmail.com,,9332145545,,,https://icmr.nic.in/sites/default/files/upload_documents/Govt_Functional_Lab_13042020.pdf,ICMR
LAB0140BIH,Laboratory,Bihar,Patna,Government Laboratory,Indira Gandhi Institute Medical Sciences,,,,,,,https://icmr.nic.in/sites/default/files/upload_documents/Govt_Functional_Lab_13042020.pdf,ICMR
LAB0141DEL,Laboratory,Delhi,Delhi,Private Laboratory,Lal Path Labs,,,,,,,https://icmr.nic.in/sites/default/files/upload_documents/Private_Labs_13042020_V1.pdf,ICMR
LAB0142GOA,Laboratory,Goa,Goa,Government Laboratory,Goa Medical College,,,,,,,https://icmr.nic.in/sites/default/files/upload_documents/Govt_Functional_Lab_13042020.pdf,ICMR
LAB0143KAR,Laboratory,Karnataka,Bengaluru,Private Laboratory,"Cancyte Technologies Pvt Ltd, Sri Shankara Research Centre",,,,,,,https://icmr.nic.in/sites/default/files/upload_documents/Private_Labs_13042020_V1.pdf,ICMR
LAB0144KAR,Laboratory,Karnataka,Bengaluru,Government Laboratory,National Institute Of Mental Health And Neurosciences,,,,,,,https://icmr.nic.in/sites/default/files/upload_documents/Govt_Functional_Lab_13042020.pdf,ICMR
LAB0145KER,Laboratory,Kerala,Thiruvananthapuram,Government Laboratory,State Public Health Laboratory,,,,,,,https://icmr.nic.in/sites/default/files/upload_documents/Govt_Functional_Lab_13042020.pdf,ICMR
LAB0146KER,Laboratory,Kerala,Kottayam,Government Laboratory,Inter University,,,,,,,https://icmr.nic.in/sites/default/files/upload_documents/Govt_Functional_Lab_13042020.pdf,ICMR
LAB0147KER,Laboratory,Kerala,Thalassery,Government Laboratory,Malabar Cancer Center,,,,,,,https://icmr.nic.in/sites/default/files/upload_documents/Govt_Functional_Lab_13042020.pdf,ICMR
LAB0148KER,Laboratory,Kerala,Kasaragod,Government Laboratory,Central University Of Kerala,,,,,,,https://icmr.nic.in/sites/default/files/upload_documents/Govt_Functional_Lab_13042020.pdf,ICMR
LAB0149MAH,Laboratory,Maharashtra,Mumbai,Government Laboratory,Grant Medical College & Sir Jj Hospital,,,,,,,https://icmr.nic.in/sites/default/files/upload_documents/Govt_Functional_Lab_13042020.pdf,ICMR
LAB0150MAH,Laboratory,Maharashtra,Mumbai,Government Laboratory,Haffkine Institute,,,,,,,https://icmr.nic.in/sites/default/files/upload_documents/Govt_Functional_Lab_13042020.pdf,ICMR
LAB0151MAH,Laboratory,Maharashtra,Miraj,Government Laboratory,Government Medical College,,,,,,,https://icmr.nic.in/sites/default/files/upload_documents/Govt_Functional_Lab_13042020.pdf,ICMR
LAB0152MAH,Laboratory,Maharashtra,Nagpur,Government Laboratory,All India Institute Of Medical Sciences,,,,,,,https://icmr.nic.in/sites/default/files/upload_documents/Govt_Functional_Lab_13042020.pdf,ICMR
LAB0153MAH,Laboratory,Maharashtra,Nagpur,Government Laboratory,Nagpur Veterinary College,,,,,,,https://icmr.nic.in/sites/default/files/upload_documents/Govt_Functional_Lab_13042020.pdf,ICMR
LAB0154MAD,Laboratory,Madhya Pradesh,Bhopal,Government Laboratory,Gandhi Medical College,,,,,,,https://icmr.nic.in/sites/default/files/upload_documents/Govt_Functional_Lab_13042020.pdf,ICMR
LAB0155MAD,Laboratory,Madhya Pradesh,Indore,Government Laboratory,Mahatma Gandhi Memorial Medical College,,,,,,,https://icmr.nic.in/sites/default/files/upload_documents/Govt_Functional_Lab_13042020.pdf,ICMR
LAB0156MAD,Laboratory,Madhya Pradesh,Jabalpur,Government Laboratory,National Institute For Research On Tribal Health,,,,,,,https://icmr.nic.in/sites/default/files/upload_documents/Govt_Functional_Lab_13042020.pdf,ICMR
LAB0157MAD,Laboratory,Madhya Pradesh,Rewa,VRDL's,S.S Medical College,Dr. Amresh Puri,dramarns@gmail.com,,9972563939,,,https://icmr.nic.in/sites/default/files/upload_documents/List_of_VRDL_V2.pdf,ICMR
LAB0158TRI,Laboratory,Tripura ,Agartala,Government Laboratory,Government Medical College,,,,,,,https://icmr.nic.in/sites/default/files/upload_documents/Govt_Functional_Lab_13042020.pdf,ICMR
LAB0159KAR,Laboratory,Karnataka,Bengaluru,Private Laboratory,Sakra World Hospital Lab Services,,,,,,,https://icmr.nic.in/sites/default/files/upload_documents/Private_Labs_13042020_V1.pdf,ICMR
LAB0160KAR,Laboratory,Karnataka,Bengaluru,Private Laboratory,Central Diagnostic Lab,,,,,,,https://icmr.nic.in/sites/default/files/upload_documents/Private_Labs_13042020_V1.pdf,ICMR
LAB0161KAR,Laboratory,Karnataka,Hubli,Government Laboratory,Karnataka Institute Of Medical Sciences,,,,,,,https://icmr.nic.in/sites/default/files/upload_documents/Govt_Functional_Lab_13042020.pdf,ICMR
LAB0162KAR,Laboratory,Karnataka,Mangalore,Government Laboratory,Wenlock District Hospital,,,,,,,https://icmr.nic.in/sites/default/files/upload_documents/Govt_Functional_Lab_13042020.pdf,ICMR
LAB0163KAR,Laboratory,Karnataka,Mysore,Government Laboratory,Mysore Medical College & Research Institute,Dr. Amurtha Kumari B,amrutakb@yahoo.co.in,,9900571039,,,https://icmr.nic.in/sites/default/files/upload_documents/Govt_Functional_Lab_13042020.pdf,ICMR
LAB0164ARU,Laboratory,Arunachal Pradesh, Naharlagun,Collection Lab,Tomo Riba Institute Of Health & Medical Sciences (Trihms),,,,,,,https://icmr.nic.in/sites/default/files/upload_documents/Govt_Functional_Lab_13042020.pdf,ICMR
LAB0165DEL,Laboratory,Delhi,Delhi,Government Laboratory,Maulana Azad Medical College,,,,,,,https://icmr.nic.in/sites/default/files/upload_documents/Govt_Functional_Lab_13042020.pdf,ICMR
LAB0166DEL,Laboratory,Delhi,Delhi,Private Laboratory,"Max Lab, Max Super Spciality Hospital",,,,,,,https://icmr.nic.in/sites/default/files/upload_documents/Private_Labs_13042020_V1.pdf,ICMR
LAB0167DEL,Laboratory,Delhi,Delhi,Government Laboratory,National Centre For Disease Control,,,,,,,https://icmr.nic.in/sites/default/files/upload_documents/Govt_Functional_Lab_13042020.pdf,ICMR
LAB0168DEL,Laboratory,Delhi,Delhi,Private Laboratory,Oncquest Labs Ltd,,,,,,,https://icmr.nic.in/sites/default/files/upload_documents/Private_Labs_13042020_V1.pdf,ICMR
LAB0169DEL,Laboratory,Delhi,Delhi,Private Laboratory,Prognosis Laboratories,,,,,,,https://icmr.nic.in/sites/default/files/upload_documents/Private_Labs_13042020_V1.pdf,ICMR
LAB0170DEL,Laboratory,Delhi,Delhi,Government Laboratory,Ram Manohar Lohia Hospital,,,,,,,https://icmr.nic.in/sites/default/files/upload_documents/Govt_Functional_Lab_13042020.pdf,ICMR
LAB0171DEL,Laboratory,Delhi,Delhi,Private Laboratory,Sir Ganga Ram Hospital Clinical Lab Services,,,,,,,https://icmr.nic.in/sites/default/files/upload_documents/Private_Labs_13042020_V1.pdf,ICMR
LAB0172HAR,Laboratory,Haryana,Gurugram,Private Laboratory,Strand Life Sciences,,,,,,,https://icmr.nic.in/sites/default/files/upload_documents/Private_Labs_13042020_V1.pdf,ICMR
LAB0173HAR,Laboratory,Haryana,Gurgaon,Private Laboratory,Srl Limited,,,,,,,https://icmr.nic.in/sites/default/files/upload_documents/Private_Labs_13042020_V1.pdf,ICMR
LAB0174HAR,Laboratory,Haryana,Gurgaon,Private Laboratory,Modern Diagnostic & Research Centre-Lab,,,,,,,https://icmr.nic.in/sites/default/files/upload_documents/Private_Labs_13042020_V1.pdf,ICMR
LAB0175HAR,Laboratory,Haryana,Gurgaon,Private Laboratory,Core Diagnostics Pvt Ltd,,,,,,,https://icmr.nic.in/sites/default/files/upload_documents/Private_Labs_13042020_V1.pdf,ICMR
LAB0176HAR,Laboratory,Haryana,Gurgaon,Private Laboratory,Molq Laboratory,,,,,,,https://icmr.nic.in/sites/default/files/upload_documents/Private_Labs_13042020_V1.pdf,ICMR
LAB0177HAR,Laboratory,Haryana,Gurgaon,Private Laboratory,Pathkind Diagnostics Pvt Ltd,,,,,,,https://icmr.nic.in/sites/default/files/upload_documents/Private_Labs_13042020_V1.pdf,ICMR
LAB0178KER,Laboratory,Kerala,Ernakulam,Private Laboratory,Ddrc Srl Diagnostics Pvt Ltd,,,,,,,https://icmr.nic.in/sites/default/files/upload_documents/Private_Labs_13042020_V1.pdf,ICMR
LAB0179KER,Laboratory,Kerala,Kozhikode,Private Laboratory,Mims Lab Services,,,,,,,https://icmr.nic.in/sites/default/files/upload_documents/Private_Labs_13042020_V1.pdf,ICMR
LAB0180LAD,Laboratory,Ladakh,Leh,Collection Lab,Sonam Norboo Memorial Hospital (Snmh),,,,,,,https://icmr.nic.in/sites/default/files/upload_documents/Govt_Functional_Lab_13042020.pdf,ICMR
LAB0181MAH,Laboratory,Maharashtra,Mumbai,Private Laboratory,Srl Limited,,,,,,,https://icmr.nic.in/sites/default/files/upload_documents/Private_Labs_13042020_V1.pdf,ICMR
LAB0182MAH,Laboratory,Maharashtra,Pune,Private Laboratory,A.G. Diagnostics Pvt Ltd,,,,,,,https://icmr.nic.in/sites/default/files/upload_documents/Private_Labs_13042020_V1.pdf,ICMR
LAB0183MAH,Laboratory,Maharashtra,Mumbai,Private Laboratory,Kokilaben Dhirubhai Ambani Hospital Laboratory,,,,,,,https://icmr.nic.in/sites/default/files/upload_documents/Private_Labs_13042020_V1.pdf,ICMR
LAB0184MAH,Laboratory,Maharashtra,Thane,Private Laboratory,Infexn Laboratories Private Limited,,,,,,,https://icmr.nic.in/sites/default/files/upload_documents/Private_Labs_13042020_V1.pdf,ICMR
LAB0185MAH,Laboratory,Maharashtra,Mumbai,Private Laboratory,Igenetic Diagnostics Pvt Ltd,,,,,,,https://icmr.nic.in/sites/default/files/upload_documents/Private_Labs_13042020_V1.pdf,ICMR
LAB0186MAH,Laboratory,Maharashtra,Mumbai,Private Laboratory,Tata Memorial Centre Diagnostic Services-Tata Memorial Hospital,,,,,,,https://icmr.nic.in/sites/default/files/upload_documents/Private_Labs_13042020_V1.pdf,ICMR
LAB0187MAH,Laboratory,Maharashtra,Pune,Private Laboratory,Sahyadri Speciality Labs,,,,,,,https://icmr.nic.in/sites/default/files/upload_documents/Private_Labs_13042020_V1.pdf,ICMR
LAB0188MAH,Laboratory,Maharashtra,Mumbai,Private Laboratory,Dr. Jariwala Lab & Diagnostics Llp,,,,,,,https://icmr.nic.in/sites/default/files/upload_documents/Private_Labs_13042020_V1.pdf,ICMR
LAB0189MAH,Laboratory,Maharashtra,Mumbai,Private Laboratory,Ruby Hall Clinic,,,,,,,https://icmr.nic.in/sites/default/files/upload_documents/Private_Labs_13042020_V1.pdf,ICMR
LAB0190MAH,Laboratory,Maharashtra,Pune,Private Laboratory,Metropolis Healthcare Limited,,,,,,,https://icmr.nic.in/sites/default/files/upload_documents/Private_Labs_13042020_V1.pdf,ICMR
LAB0191MIZ,Laboratory,Mizoram,,Government Laboratory,Zoram Medical College,,,,,,,https://icmr.nic.in/sites/default/files/upload_documents/Govt_Functional_Lab_13042020.pdf,ICMR
LAB0192ODI,Laboratory,Odisha,Bhubaneswar,Private Laboratory,"Dept Of Lab Services, Apollo Hospitals",,,,,,,https://icmr.nic.in/sites/default/files/upload_documents/Private_Labs_13042020_V1.pdf,ICMR
LAB0193RAJ,Laboratory,Rajasthan,Kota,Government Laboratory,Government Medical College,,,,,,,https://icmr.nic.in/sites/default/files/upload_documents/Govt_Functional_Lab_13042020.pdf,ICMR
LAB0194SIK,Laboratory,Sikkim,Gangtok,Collection Lab,Sir Thutob Namgyal Memorial (Stnm),,,,,,,https://icmr.nic.in/sites/default/files/upload_documents/Govt_Functional_Lab_13042020.pdf,ICMR
LAB0195TAM,Laboratory,Tamil Nadu,Trichy,Government Laboratory,K A P Viswanatham Govternment Medical College,,,,,,,https://icmr.nic.in/sites/default/files/upload_documents/Govt_Functional_Lab_13042020.pdf,ICMR
LAB0196TAM,Laboratory,Tamil Nadu,Perundurai,Government Laboratory,Perundurai Medical College,,,,,,,https://icmr.nic.in/sites/default/files/upload_documents/Govt_Functional_Lab_13042020.pdf,ICMR
LAB0197TEL,Laboratory,Telangana,Malkajgiri,Private Laboratory,Biognosys Technologies (India) Pvt Ltd,,,,,,,https://icmr.nic.in/sites/default/files/upload_documents/Private_Labs_13042020_V1.pdf,ICMR
LAB0198UTT,Laboratory,Uttar Pradesh,Meerut,Government Laboratory,Lala Lajpat Rai Memorial Medical College,,,,,,,https://icmr.nic.in/sites/default/files/upload_documents/Govt_Functional_Lab_13042020.pdf,ICMR
LAB0199UTT,Laboratory,Uttar Pradesh,Lucknow,Government Laboratory,Sanjay Gandhi Post Graduate Institute,,,,,,,https://icmr.nic.in/sites/default/files/upload_documents/Govt_Functional_Lab_13042020.pdf,ICMR
LAB0200UTT,Laboratory,Uttar Pradesh,Allahabad,Government Laboratory,Mln Medical College,,,,,,,https://icmr.nic.in/sites/default/files/upload_documents/Govt_Functional_Lab_13042020.pdf,ICMR
LAB0201UTT,Laboratory,Uttar Pradesh,Jhansi,Government Laboratory,Mlb Medical College,,,,,,,https://icmr.nic.in/sites/default/files/upload_documents/Govt_Functional_Lab_13042020.pdf,ICMR
LAB0202UTT,Laboratory,Uttar Pradesh,Gorakhpur,Government Laboratory,Regional Medical Research Centre,,,,,,,https://icmr.nic.in/sites/default/files/upload_documents/Govt_Functional_Lab_13042020.pdf,ICMR
LAB0203UTT,Laboratory,Uttar Pradesh,Lucknow,Private Laboratory,Rml Mehrotra Pathology Pvt Ltd,,,,,,,https://icmr.nic.in/sites/default/files/upload_documents/Private_Labs_13042020_V1.pdf,ICMR
LAB0204UTT,Laboratory,Uttar Pradesh,Noida,Private Laboratory,Dept Of Lab Medicine,,,,,,,https://icmr.nic.in/sites/default/files/upload_documents/Private_Labs_13042020_V1.pdf,ICMR
LAB0205UTT,Laboratory,Uttarakhand,Dehradun,Private Laboratory,Dr. Ahuja’S Pathology And Imaging Centre,,,,,,,https://icmr.nic.in/sites/default/files/upload_documents/Private_Labs_13042020_V1.pdf,ICMR
LAB0206WES,Laboratory,West Bengal,Kolkata,Government Laboratory,School Of Tropical Medicine,,,,,,,https://icmr.nic.in/sites/default/files/upload_documents/Govt_Functional_Lab_13042020.pdf,ICMR
LAB0207WES,Laboratory,West Bengal,Kolkata,Private Laboratory,Apollo Gleneagles Hospitals,,,,,,,https://icmr.nic.in/sites/default/files/upload_documents/Private_Labs_13042020_V1.pdf,ICMR
LAB0208WES,Laboratory,West Bengal,Kolkata,Private Laboratory,Tata Medical Center,,,,,,,https://icmr.nic.in/sites/default/files/upload_documents/Private_Labs_13042020_V1.pdf,ICMR
LAB0209WES,Laboratory,West Bengal,Kolkata,Private Laboratory,"Laboratory Services, Peerless Hospitex Hospital & Research Centre",,,,,,,https://icmr.nic.in/sites/default/files/upload_documents/Private_Labs_13042020_V1.pdf,ICMR
LAB0210WES,Laboratory,West Bengal,Kolkata,Private Laboratory,Amri Hospitals,,,,,,,https://icmr.nic.in/sites/default/files/upload_documents/Private_Labs_13042020_V1.pdf,ICMR
LAB0211TAM,Laboratory,Tamil Nadu,Vellore,Private Laboratory,Dept. Of Clinical Virology,,,,,,,https://icmr.nic.in/sites/default/files/upload_documents/Private_Labs_13042020_V1.pdf,ICMR
LAB0212TAM,Laboratory,Tamil Nadu,Chennai,Private Laboratory,"Department Of Laboratory Services, Apollo Hospitals Enterprise",,,,,,,https://icmr.nic.in/sites/default/files/upload_documents/Private_Labs_13042020_V1.pdf,ICMR
LAB0213TAM,Laboratory,Tamil Nadu,Chennai,Private Laboratory,Neuberg Ehrlich Lab Pvt Ltd,,,,,,,https://icmr.nic.in/sites/default/files/upload_documents/Private_Labs_13042020_V1.pdf,ICMR
LAB0214TAM,Laboratory,Tamil Nadu,Chennai,Private Laboratory,Sri Ramachandra Medical College & Research Institute,,,,,,,https://icmr.nic.in/sites/default/files/upload_documents/Private_Labs_13042020_V1.pdf,ICMR
LAB0215TAM,Laboratory,Tamil Nadu,Coimbatore,Private Laboratory,Microbiology Lab,,,,,,,https://icmr.nic.in/sites/default/files/upload_documents/Private_Labs_13042020_V1.pdf,ICMR
LAB0216TAM,Laboratory,Tamil Nadu,Chennai,Private Laboratory,Yrg Care,,,,,,,https://icmr.nic.in/sites/default/files/upload_documents/Private_Labs_13042020_V1.pdf,ICMR
LAB0217TAM,Laboratory,Tamil Nadu,Chennai,Private Laboratory,Hitech Diagnostic Centre,,,,,,,https://icmr.nic.in/sites/default/files/upload_documents/Private_Labs_13042020_V1.pdf,ICMR
LAB0218TAM,Laboratory,Tamil Nadu,Chennai,Private Laboratory,Miot Hospitals,,,,,,,https://icmr.nic.in/sites/default/files/upload_documents/Private_Labs_13042020_V1.pdf,ICMR
LAB0219CHH,Laboratory,Chhattisgarh,Raipur,Government Laboratory,JNM Medical College,,,,,,,https://icmr.nic.in/sites/default/files/upload_documents/Govt_Functional_Lab_13042020.pdf,ICMR
LAB0220DEL,Laboratory,Delhi,Delhi,Government Laboratory,Vardhman Mahavir Medical College & Safdarjung Hospital,,,,,,,https://icmr.nic.in/sites/default/files/upload_documents/Govt_Functional_Lab_13042020.pdf,ICMR
LAB0221GUJ,Laboratory,Gujarat,Ahmedabad,Government Laboratory,NHL Medical College,,,,,,,https://icmr.nic.in/sites/default/files/upload_documents/Govt_Functional_Lab_13042020.pdf,ICMR
LAB0222GUJ,Laboratory,Gujarat,Ahmedabad,Government Laboratory,GMERS,,,,,,,https://icmr.nic.in/sites/default/files/upload_documents/Govt_Functional_Lab_13042020.pdf,ICMR
LAB0223HAR,Laboratory,Haryana,Faridabad,Government Laboratory,ESIC Hospital,,,,,,,https://icmr.nic.in/sites/default/files/upload_documents/Govt_Functional_Lab_13042020.pdf,ICMR
LAB0224JHA,Laboratory,Jharkhand,Dhanbad,Government Laboratory,Patliputra Medical College & Hospital,,,,,,,https://icmr.nic.in/sites/default/files/upload_documents/Govt_Functional_Lab_13042020.pdf,ICMR
LAB0225MAH,Laboratory,Maharashtra,Mumbai,Government Laboratory,Tata Memorial Centre ACTREC,,,,,,,https://icmr.nic.in/sites/default/files/upload_documents/Govt_Functional_Lab_13042020.pdf,ICMR
LAB0226MAH,Laboratory,Maharashtra,Akola,Government Laboratory,Government Medical College,,,,,,,https://icmr.nic.in/sites/default/files/upload_documents/Govt_Functional_Lab_13042020.pdf,ICMR
LAB0227MAD,Laboratory,Madhya Pradesh,Gwalior,Government Laboratory,Defence Research & Development Organization,,,,,,,https://icmr.nic.in/sites/default/files/upload_documents/Govt_Functional_Lab_13042020.pdf,ICMR
LAB0228MAD,Laboratory,Madhya Pradesh,Bhopal,Government Laboratory,ICAR-NIHSAD,,,,,,,https://icmr.nic.in/sites/default/files/upload_documents/Govt_Functional_Lab_13042020.pdf,ICMR
LAB0229MAD,Laboratory,Madhya Pradesh,Sagar,Government Laboratory,Bundelkhand Medical College,,,,,,,https://icmr.nic.in/sites/default/files/upload_documents/Govt_Functional_Lab_13042020.pdf,ICMR
LAB0230ODI,Laboratory,Odisha,Berhampur,Government Laboratory,MKCG Medical College,,,,,,,https://icmr.nic.in/sites/default/files/upload_documents/Govt_Functional_Lab_13042020.pdf,ICMR
LAB0231ODI,Laboratory,Odisha,Bhubaneshwar,Government Laboratory,ILS,,,,,,,https://icmr.nic.in/sites/default/files/upload_documents/Govt_Functional_Lab_13042020.pdf,ICMR
LAB0232PUN,Laboratory,Punjab,Faridkot,Government Laboratory,Guru Gobind Singh Medical University,,,,,,,https://icmr.nic.in/sites/default/files/upload_documents/Govt_Functional_Lab_13042020.pdf,ICMR
LAB0233TAM,Laboratory,Tamil Nadu,Dharmapuri,Government Laboratory,Govternment Dharmapuri Medical College,,,,,,,https://icmr.nic.in/sites/default/files/upload_documents/Govt_Functional_Lab_13042020.pdf,ICMR
LAB0234TAM,Laboratory,Tamil Nadu,Vellore,Government Laboratory,Government Medical College,,,,,,,https://icmr.nic.in/sites/default/files/upload_documents/Govt_Functional_Lab_13042020.pdf,ICMR
LAB0235TAM,Laboratory,Tamil Nadu,Thanjavur,Government Laboratory,Thanjavur Medical College,,,,,,,https://icmr.nic.in/sites/default/files/upload_documents/Govt_Functional_Lab_13042020.pdf,ICMR
LAB0236TAM,Laboratory,Tamil Nadu,Chennai,Government Laboratory,State Public Health Laboratory,,,,,,,https://icmr.nic.in/sites/default/files/upload_documents/Govt_Functional_Lab_13042020.pdf,ICMR
LAB0237TEL,Laboratory,Telangana,Hyderabad,Government Laboratory,Centre for Cellular & Molecular Biology,,,,,,,https://icmr.nic.in/sites/default/files/upload_documents/Govt_Functional_Lab_13042020.pdf,ICMR
LAB0238UTT,Laboratory,Uttar Pradesh,Agra,Government Laboratory,SN Medical College,,,,,,,https://icmr.nic.in/sites/default/files/upload_documents/Govt_Functional_Lab_13042020.pdf,ICMR
LAB0239UTT,Laboratory,Uttar Pradesh,Lucknow,Government Laboratory,RML Hospital,,,,,,,https://icmr.nic.in/sites/default/files/upload_documents/Govt_Functional_Lab_13042020.pdf,ICMR
LAB0240UTT,Laboratory,Uttar Pradesh,Noida,Government Laboratory,Government Institute of Medical Sciences,,,,,,,https://icmr.nic.in/sites/default/files/upload_documents/Govt_Functional_Lab_13042020.pdf,ICMR
LAB0241UTT,Laboratory,Uttar Pradesh,Kanpur,Government Laboratory,GSVM Medical College,,,,,,,https://icmr.nic.in/sites/default/files/upload_documents/Govt_Functional_Lab_13042020.pdf,ICMR
LAB0242UTT,Laboratory,Uttar Pradesh,Noida,Government Laboratory,National Institute of Biologicals,,,,,,,https://icmr.nic.in/sites/default/files/upload_documents/Govt_Functional_Lab_13042020.pdf,ICMR
LAB0243WES,Laboratory,West Bengal,Malda,Government Laboratory,Malda Medical College & Hospital,,,,,,,https://icmr.nic.in/sites/default/files/upload_documents/Govt_Functional_Lab_13042020.pdf,ICMR
LAB0244DAD,Laboratory,Dadra and Nagar Haveli,Silvassa,Government Laboratory,Shri Vinoba Bhave Civil Hospital,,,,,,,https://icmr.nic.in/sites/default/files/upload_documents/Govt_Functional_Lab_13042020.pdf,ICMR
LAB0245KAR,Laboratory,Karnataka,Bengaluru,Private Laboratory,"Lab Services, Apollo Hospitals",,,,,,,https://icmr.nic.in/sites/default/files/upload_documents/Private_Labs_13042020_V1.pdf,ICMR
LAB0246MAH,Laboratory,Maharashtra,Mumbai,Private Laboratory,Qualilife Diagnostics,,,,,,,https://icmr.nic.in/sites/default/files/upload_documents/Private_Labs_13042020_V1.pdf,ICMR
LAB0247TAM,Laboratory,Tamil Nadu,Chennai,Private Laboratory,Madras Medical Mission Clinical Lab Services,,,,,,,https://icmr.nic.in/sites/default/files/upload_documents/Private_Labs_13042020_V1.pdf,ICMR
LAB0248TEL,Laboratory,Telangana,Hyderabad,Private Laboratory,"Dept of Lab Medicine, Star Hospitals",,,,,,,https://icmr.nic.in/sites/default/files/upload_documents/Private_Labs_13042020_V1.pdf,ICMR
LAB0249WES,Laboratory,West Bengal,Kolkata,Private Laboratory,Suraksha Diagnostic,,,,,,,https://icmr.nic.in/sites/default/files/upload_documents/Private_Labs_13042020_V1.pdf,ICMR
LAB0250PUN,Laboratory,Punjab,Ludhiana,Private Laboratory,"Department of Microbiology, Dayanand Medical College & Hospital",,,,,,,https://icmr.nic.in/sites/default/files/upload_documents/Private_Labs_13042020_V1.pdf,ICMR